[{
    "author": "Moam",
    "name": "softUwu",
    "keyWords": "softUwu, Thèmes",
    "version": "1.4.9",
    "dofusVersion": "2.58",
    "description": "Base sur softPink de Syleak | uwu uwu uwu uwu uwu | Moam#6449 pour me contacter",
    "url": "https://github.com/moamstripes/softUwu/raw/main/softUwu.zip",
    "previewUrl": "https://i.imgur.com/4KCasw1.jpg",
    "creationDate": "29/12/2020",
    "modificationDate": "21/01/2021"
},
{
    "author": "Moam",
    "name": "softUwuDarkTactic",
    "keyWords": "softUwuDark, Thèmes",
    "version": "1.4.9",
    "dofusVersion": "2.58",
    "description": "Ayez SoftUwu déjà installé ! Basé sur softPink de Syleak | Mode Tactique Sombre | Moam#6449 pour me contacter",
    "url": "https://github.com/moamstripes/softUwu/raw/main/softUwuDark/softUwuDark.zip",
    "previewUrl": "",
    "creationDate": "29/12/2020",
    "modificationDate": "21/01/2021"
}
]